one,three,MW,lambdas,sigmas,q,CALVADOS1,CALVADOS2,CALVADOS_COM
R,ARG,156.19,0.7307624767517170,0.6560000000000000,1,0.7249915947715210,0.7307624767517170,0.6775959579162120
D,ASP,115.09,0.0416040480605567,0.5580000000000000,-1,0.0291821237763497,0.0416040480605567,0.11001250941901600
N,ASN,114.1,0.4255859009787710,0.568,0,0.4383272997027280,0.4255859009787710,0.448850928069639
E,GLU,129.11,0.0006935460962935,0.5920000000000000,-1,0.0061002816086497,0.0006935460962935,0.002696808089728890
K,LYS,128.17,0.1790211738990580,0.636,1,0.0586171731586979,0.1790211738990580,0.10415947988104000
H,HIS,137.14,0.4663667290557990,0.608,0,0.4651948082346980,0.4663667290557990,0.3599354189973040
Q,GLN,128.13,0.3934318551056040,0.602,0,0.3268188050525210,0.3934318551056040,0.4471628090073470
S,SER,87.08,0.4625416811611540,0.518,0,0.4648570130065610,0.4625416811611540,0.45656163093203900
C,CYS,103.14,0.5615435099141780,0.5480000000000000,0,0.610362354303913,0.5615435099141780,0.5919198208095420
G,GLY,57.05,0.7058843733666400,0.45,0,0.7012713677972460,0.7058843733666400,0.7263372467671790
T,THR,101.11,0.3713162976273960,0.562,0,0.5379777613307020,0.3713162976273960,0.27245837243495100
A,ALA,71.07,0.2743297969040350,0.504,0,0.0011162643859539,0.2743297969040350,0.3139606749157870
M,MET,131.2,0.5308481134337500,0.618,0,0.7458993420826710,0.5308481134337500,0.4975438859536360
Y,TYR,163.18,0.9774611449343460,0.6460000000000000,0,0.9950108229594320,0.9774611449343460,0.9358577661697850
V,VAL,99.13,0.2083769608174480,0.5860000000000000,0,0.4185006852559870,0.2083769608174480,0.29451435510172000
W,TRP,186.22,0.9893764740371640,0.6780000000000000,0,0.9844235478393930,0.9893764740371640,0.9716621902980420
L,LEU,113.16,0.6440005007782230,0.618,0,0.5563020305733200,0.6440005007782230,0.5740535733865570
I,ILE,113.16,0.5423623610671890,0.618,0,0.6075268330845270,0.5423623610671890,0.5227088025097030
P,PRO,97.12,0.3593126576364640,0.5560000000000000,0,0.3729641853599350,0.3593126576364640,0.3338584094504910
F,PHE,147.18,0.8672358982062980,0.636,0,0.9216959832175940,0.8672358982062980,0.8956971069485210