three,one,MW,lambdas,sigmas,q,lambdas_-1,lambdas_0,lambdas_1,lambdas_2
ARG,R,156.19,0.7407902764839954,0.656,1.0,0.730762476751717,0.6884716532949402,0.7404660255142788,0.7407902764839954
ASP,D,115.09,0.09258755753615802,0.558,-1.0,0.0416040480605567,0.0816247168081909,0.1043209550137531,0.09258755753615802
ASN,N,114.1,0.37069621636904027,0.568,0.0,0.425585900978771,0.4395671434231512,0.3966327049347091,0.37069621636904027
GLU,E,129.11,0.000249590539426,0.592,-1.0,0.0006935460962935,0.0001201597828973,0.000249590539426,0.000249590539426
LYS,K,128.17,0.13806025420392679,0.636,1.0,0.179021173899058,0.1155206485798195,0.0604209076210192,0.13806025420392679
HIS,H,137.14,0.4087176216525476,0.608,0.0,0.466366729055799,0.3756416017118584,0.4203107848422406,0.4087176216525476
GLN,Q,128.13,0.31434497916691334,0.602,0.0,0.393431855105604,0.3393669550710281,0.2486683709240709,0.31434497916691334
SER,S,87.08,0.44731425726931767,0.518,0.0,0.462541681161154,0.3922904131161126,0.4081978567681159,0.44731425726931767
CYS,C,103.14,0.5922529084601322,0.548,0.0,0.561543509914178,0.6362442398216613,0.6414560525491403,0.5922529084601322
GLY,G,57.05,0.7538308115197386,0.45,0.0,0.70588437336664,0.758944048348668,0.7309057346940491,0.7538308115197386
THR,T,101.11,0.2672387936544146,0.562,0.0,0.371316297627396,0.244731483322399,0.2655631429161318,0.2672387936544146
ALA,A,71.07,0.3377244362031627,0.504,0.0,0.274329796904035,0.3401222089765476,0.2843628819601551,0.3377244362031627
MET,M,131.2,0.5170874160398543,0.618,0.0,0.53084811343375,0.5510994186076156,0.5170832928112881,0.5170874160398543
TYR,Y,163.18,0.950628687301107,0.646,0.0,0.977461144934346,0.9690296361292688,1.0168268376646783,0.950628687301107
VAL,V,99.13,0.2936174211771383,0.586,0.0,0.208376960817448,0.3356034485593529,0.3382117960448372,0.2936174211771383
TRP,W,186.22,1.033450123574512,0.678,0.0,0.989376474037164,1.034301736921145,1.080296589634607,1.033450123574512
LEU,L,113.16,0.5548615312993875,0.618,0.0,0.644000500778223,0.5441135786136774,0.5889901807020754,0.5548615312993875
ILE,I,113.16,0.5130398874425708,0.618,0.0,0.542362361067189,0.5379918416755985,0.5322862264224606,0.5130398874425708
PRO,P,97.12,0.3469777523519372,0.556,0.0,0.359312657636464,0.4266918773668167,0.4079407653611659,0.3469777523519372
PHE,F,147.18,0.8906449355499866,0.636,0.0,0.867235898206298,0.8704077386441327,0.9330910211615586,0.8906449355499866
