one,three,MW,lambdas,sigmas,q,CALVADOS1,CALVADOS2,CALVADOS3
R,ARG,156.19,0.7407902764839954,0.656,1,0.724991594771521,0.730762476751717,0.7407902764839954
D,ASP,115.09,0.092587557536158,0.558,-1,0.0291821237763497,0.0416040480605567,0.092587557536158
N,ASN,114.1,0.3706962163690402,0.568,0,0.438327299702728,0.425585900978771,0.3706962163690402
E,GLU,129.11,0.000249590539426,0.592,-1,0.0061002816086497,0.0006935460962935,0.000249590539426
K,LYS,128.17,0.1380602542039267,0.636,1,0.0586171731586979,0.179021173899058,0.1380602542039267
H,HIS,137.14,0.4087176216525476,0.608,0,0.465194808234698,0.466366729055799,0.4087176216525476
Q,GLN,128.13,0.3143449791669133,0.602,0,0.326818805052521,0.393431855105604,0.3143449791669133
S,SER,87.08,0.4473142572693176,0.518,0,0.464857013006561,0.462541681161154,0.4473142572693176
C,CYS,103.14,0.5922529084601322,0.548,0,0.610362354303913,0.561543509914178,0.5922529084601322
G,GLY,57.05,0.7538308115197386,0.45,0,0.701271367797246,0.70588437336664,0.7538308115197386
T,THR,101.11,0.2672387936544146,0.562,0,0.537977761330702,0.371316297627396,0.2672387936544146
A,ALA,71.07,0.3377244362031627,0.504,0,0.0011162643859539,0.274329796904035,0.3377244362031627
M,MET,131.2,0.5170874160398543,0.618,0,0.745899342082671,0.53084811343375,0.5170874160398543
Y,TYR,163.18,0.950628687301107,0.646,0,0.995010822959432,0.977461144934346,0.950628687301107
V,VAL,99.13,0.2936174211771383,0.586,0,0.418500685255987,0.208376960817448,0.2936174211771383
W,TRP,186.22,1.033450123574512,0.678,0,0.984423547839393,0.989376474037164,1.033450123574512
L,LEU,113.16,0.5548615312993875,0.618,0,0.55630203057332,0.644000500778223,0.5548615312993875
I,ILE,113.16,0.5130398874425708,0.618,0,0.607526833084527,0.542362361067189,0.5130398874425708
P,PRO,97.12,0.3469777523519372,0.556,0,0.372964185359935,0.359312657636464,0.3469777523519372
F,PHE,147.18,0.8906449355499866,0.636,0,0.921695983217594,0.867235898206298,0.8906449355499866
