one,three,MW,lambdas,sigmas,q,CALVADOS1,CALVADOS2,CALVADOS3beta
R,ARG,156.19,0.7307624767517170,0.6560000000000000,1,0.7249915947715210,0.7307624767517170,0.7239861115991390
D,ASP,115.09,0.0416040480605567,0.5580000000000000,-1,0.0291821237763497,0.0416040480605567,0.0362478774303099
N,ASN,114.1,0.4255859009787710,0.568,0,0.4383272997027280,0.4255859009787710,0.3933480306906930
E,GLU,129.11,0.0006935460962935,0.5920000000000000,-1,0.0061002816086497,0.0006935460962935,0.0004249001648764
K,LYS,128.17,0.1790211738990580,0.636,1,0.0586171731586979,0.1790211738990580,0.1496886216529350
H,HIS,137.14,0.4663667290557990,0.608,0,0.4651948082346980,0.4663667290557990,0.3943776906364100
Q,GLN,128.13,0.3934318551056040,0.602,0,0.3268188050525210,0.3934318551056040,0.3757176533935440
S,SER,87.08,0.4625416811611540,0.518,0,0.4648570130065610,0.4625416811611540,0.4300312492580290
C,CYS,103.14,0.5615435099141780,0.5480000000000000,0,0.610362354303913,0.5615435099141780,0.6046920771578320
G,GLY,57.05,0.7058843733666400,0.45,0,0.7012713677972460,0.7058843733666400,0.7577339104920060
T,THR,101.11,0.3713162976273960,0.562,0,0.5379777613307020,0.3713162976273960,0.2691330872172880
A,ALA,71.07,0.2743297969040350,0.504,0,0.0011162643859539,0.2743297969040350,0.343475205663116
M,MET,131.2,0.5308481134337500,0.618,0,0.7458993420826710,0.5308481134337500,0.4863721117290930
Y,TYR,163.18,0.9774611449343460,0.6460000000000000,0,0.9950108229594320,0.9774611449343460,0.966054413875452
V,VAL,99.13,0.2083769608174480,0.5860000000000000,0,0.4185006852559870,0.2083769608174480,0.3038375381064790
W,TRP,186.22,0.9893764740371640,0.6780000000000000,0,0.9844235478393930,0.9893764740371640,0.9822612897592210
L,LEU,113.16,0.6440005007782230,0.618,0,0.5563020305733200,0.6440005007782230,0.5538992783620850
I,ILE,113.16,0.5423623610671890,0.618,0,0.6075268330845270,0.5423623610671890,0.5084062382552320
P,PRO,97.12,0.3593126576364640,0.5560000000000000,0,0.3729641853599350,0.3593126576364640,0.4045465203056370
F,PHE,147.18,0.8672358982062980,0.636,0,0.9216959832175940,0.8672358982062980,0.8766184616918550